id,name,image_url,image_license,image_license_version,image_source_url,image_author
1,리처드 브랜슨,celebrity/1/profile_v1.webp,CC_BY,3.0,https://commons.wikimedia.org/wiki/File%3A5.3.10RichardBransonByDavidShankbone.jpg,User:David Shankbone
2,닐 게이먼,celebrity/2/profile_v1.webp,CC_BY_SA,3.0,https://commons.wikimedia.org/wiki/File%3AKyle-cassidy-neil-gaiman-April-2013.jpg,Kyle Cassidy
3,벤 샤피로,celebrity/3/profile_v1.webp,CC_BY_SA,2.0,https://commons.wikimedia.org/wiki/File:Ben_Shapiro_(49290212823)_(cropped).jpg,Gage Skidmore
4,닐 디그래스 타이슨,celebrity/4/profile_v1.webp,CC_BY_SA,2.0,https://commons.wikimedia.org/wiki/File:Neil_deGrasse_Tyson_in_June_2017.jpg,Norwegian University of Science and Technology
5,페이커,celebrity/5/profile_v1.webp,CC_BY,,https://www.youtube.com/watch?v=73El1ZBsf1s,Marie Claire Korea
6,조 로건,celebrity/6/profile_v1.webp,PUBLIC_DOMAIN,,https://commons.wikimedia.org/wiki/File:P20260418DT-0015_President_Donald_J._Trump_holds_a_press_conference_after_signing_an_Executive_Order_accelerating_medical_treatments_for_serious_mental_illness.jpg,The White House
7,애리애나 허핑턴,celebrity/7/profile_v1.webp,CC_BY,2.0,https://commons.wikimedia.org/wiki/File%3AArianna_Huffington_%283018740818%29.jpg,"JD Lasica from Pleasanton, CA, US"
8,찰스엔터,celebrity/8/profile_v1.webp,CC_BY,,https://www.youtube.com/watch?v=WLBthg6vKAE,SBS Radio 에라오
9,J.K. 롤링,celebrity/9/profile_v1.webp,CC_BY,2.0,https://commons.wikimedia.org/wiki/File:100405_EasterEggRoll_683_(4513125422).jpg,Daniel Ogren
10,빌 게이츠,celebrity/10/profile_v1.webp,CC_BY,4.0,https://commons.wikimedia.org/wiki/File:Bill_Gates_at_the_European_Commission_-_P067383-987995.jpg,Bogdan Hoyaux / European Union
11,노은솔,celebrity/11/profile_v1.webp,UNKNOWN,,,
12,황석희,celebrity/12/profile_v1.webp,UNKNOWN,,,
13,리즈 위더스푼,celebrity/13/profile_v1.webp,CC_BY_SA,2.0,https://commons.wikimedia.org/wiki/File%3AReese_Witherspoon_at_TIFF_2014.jpg,dtstuff9
14,고민시,celebrity/14/profile_v1.webp,CC_BY,3.0,https://commons.wikimedia.org/wiki/File%3A%EA%B3%A0%EB%AF%BC%EC%8B%9C%EC%99%80_%ED%95%A8%EA%BB%98%ED%95%9C_%EB%B7%B0%ED%8B%B0%ED%99%94%EB%B3%B4_02.png,Marie Claire Korea
15,최태성,celebrity/15/profile_v1.webp,CC_BY,,https://www.youtube.com/watch?v=UfE5Ly26LaE,VISIT BUSAN
16,하림,celebrity/16/profile_v1.webp,CC_BY,,https://www.youtube.com/watch?v=vem6dF21m5k,부산음악창작소
17,최재천,celebrity/17/profile_v1.webp,CC_BY,,https://www.youtube.com/watch?v=7lu1LP6pLp4,카오스 사이언스
18,주연,celebrity/18/profile_v1.webp,CC_BY,3.0,https://commons.wikimedia.org/wiki/File%3ALee_Ju-yeon_%28%EC%9D%B4%EC%A3%BC%EC%97%B0%29_200817.jpg,Marie Claire Korea
19,김이나,celebrity/19/profile_v1.webp,CC_BY,,https://www.youtube.com/watch?v=dt2KVr4kCLA,방언니 - 방송국에 사는 언니들
20,일론머스크,celebrity/20/profile_v1.webp,PUBLIC_DOMAIN,,https://commons.wikimedia.org/wiki/File:Elon_Musk_Colorado_2022_(cropped2).jpg,U.S. Air Force / Trevor Cokley
21,문현빈,celebrity/21/profile_v1.webp,CC_BY,,https://www.youtube.com/watch?v=q0Sg4eFkuzE,BEARS TV
22,이적,celebrity/22/profile_v1.webp,CC_BY,3.0,https://commons.wikimedia.org/wiki/File%3ALee_Juck_20161109_02.png,KBS 뷰
23,김영철,celebrity/23/profile_v1.webp,CC_BY,,https://www.youtube.com/watch?v=IVe4TwyMhDg,SBS Radio 에라오
24,오바마,celebrity/24/profile_v1.webp,PUBLIC_DOMAIN,,https://commons.wikimedia.org/wiki/File%3APresident_Barack_Obama.jpg,Official White House Photo by Pete Souza
25,오프라 윈프리,celebrity/25/profile_v1.webp,PUBLIC_DOMAIN,,https://commons.wikimedia.org/wiki/File:Oprah_Winfrey_2016.jpg,US Embassy South Africa
26,이지영,celebrity/26/profile_v1.webp,CC_BY,,https://www.youtube.com/watch?v=vsm6vLQ1hkg,미미미누
27,박찬욱,celebrity/27/profile_v1.webp,CC_BY_SA,4.0,https://commons.wikimedia.org/wiki/File:Park_Chan-wook_at_the_2026_Cannes_Film_Festival_by_YantsImages_02.jpg,YantsImages
28,이동진,celebrity/28/profile_v1.webp,CC_BY,,https://www.youtube.com/watch?v=KKvr2U1P--Q,롯데엔터테인먼트
29,조준호,celebrity/29/profile_v1.webp,CC_BY,,https://www.youtube.com/watch?v=4Dbj300LmCQ,조준호(ZOZNO)
30,한로로,celebrity/30/profile_v1.webp,CC_BY,4.0,https://commons.wikimedia.org/wiki/File:Hanroro_(한로로)_World_Vision_Korea_2025.jpg,월드비전 World Vision Korea
31,백성동,celebrity/31/profile_v1.webp,CC_BY,,https://www.youtube.com/watch?v=v9x7ZnQcEfc,MAXPORTS
32,밍기뉴,celebrity/32/profile_v1.webp,UNKNOWN,,,
33,스티븐 킹,celebrity/33/profile_v1.webp,CC_BY_SA,4.0,https://commons.wikimedia.org/wiki/File:Stephen_King_at_the_2024_Toronto_International_Film_Festival_2.jpg,Kevin Payravi
34,빨간 모자쌤,celebrity/34/profile_v1.webp,UNKNOWN,,,
35,요조,celebrity/35/profile_v1.webp,CC_BY,,https://www.youtube.com/watch?v=oY7VGkVWjsM,퍼니콘 (Funnycon)
36,원필,celebrity/36/profile_v1.webp,CC_BY,,https://www.youtube.com/watch?v=l_Fqmq0qHlg,K-POPIT 케이팝잇
37,다현,celebrity/37/profile_v1.webp,CC_BY,3.0,https://commons.wikimedia.org/wiki/File:Dahyun_at_press_conference_for_You_Are_the_Apple_of_My_Eye_02.png,https://www.youtube.com/@_TV10/videos
38,한강,celebrity/38/profile_v1.webp,CC_BY_SA,4.0,"https://commons.wikimedia.org/wiki/File:Han_Kang,_2024_Nobel_Prize_Laureate_in_Literature.jpg",John Sears
39,RM,celebrity/39/profile_v1.webp,CC_BY,3.0,"https://commons.wikimedia.org/wiki/File:BTS_RM_and_V_military_discharge,_10_June_2025_01.png",K-POPIT 케이팝잇
40,최정훈,celebrity/40/profile_v1.webp,CC_BY_SA,4.0,https://commons.wikimedia.org/wiki/File%3A2018_%EC%9D%B8%EB%94%94%EC%8A%A4%EB%95%85%EC%8A%A4_%ED%8C%8C%EC%9D%B4%EB%84%90_%EC%BD%98%EC%84%9C%ED%8A%B8_%EC%9E%94%EB%82%98%EB%B9%84_%EC%B5%9C%EC%A0%95%ED%9B%88_3.jpg,Explicit
41,박재민,celebrity/41/profile_v1.webp,CC_BY,3.0,https://commons.wikimedia.org/wiki/File:(%EC%8B%B9%ED%8A%9C%EB%B8%8C)_%EC%84%9C%EC%A2%85%EC%98%88_%EB%B0%A9%EC%86%A1MC_%EC%9E%84%EC%84%B1%EC%96%B8_%ED%95%99%EC%83%9D_-_%EB%B0%95%EC%9E%AC%EB%AF%BC_%EA%B5%90%EC%88%98_%EC%9D%B8%ED%84%B0%EB%B7%B0_(%EB%93%9C%EB%9D%BC%EB%A7%88_%EC%99%95%EC%9D%98%EC%96%BC%EA%B5%B4%2C_%EC%A1%B0%EC%84%A0%EC%B4%9D%EC%9E%A1%EC%9D%B4%2C_%EC%B6%9C%EB%B0%9C%EB%93%9C%EB%A6%BC%ED%8C%80_%EC%B6%9C%EC%97%B0!).jpg,서울종합예술실용학교 공식 영상채널 싹튜브
42,이재성,celebrity/42/profile_v1.webp,CC_BY,3.0,https://commons.wikimedia.org/wiki/File:이재성_(축구_선수).jpg,GOAL TV
43,신해철,celebrity/43/profile_v1.webp,CC_BY,3.0,https://commons.wikimedia.org/wiki/File:%EC%8B%A0%ED%95%B4%EC%B2%A0.jpg,MBC PD수첩
44,정재승,celebrity/44/profile_v1.webp,CC_BY,,https://www.youtube.com/watch?v=CRzo0MQ38fM,KAIST
45,박상원,celebrity/45/profile_v1.webp,CC_BY,,https://www.youtube.com/watch?v=usVT9qq3hmo,LionsTV
46,앤더슨 쿠퍼,celebrity/46/profile_v1.webp,CC_BY_SA,2.0,https://commons.wikimedia.org/wiki/File:Anderson_Cooper_(44675408934).jpg,Gage Skidmore
47,봉준호,celebrity/47/profile_v1.webp,CC_BY,4.0,https://commons.wikimedia.org/wiki/File%3ABong_Joon_Ho_-_Okja.jpg,Kevin Paul
48,엠마 왓슨,celebrity/48/profile_v1.webp,CC_BY,3.0,https://commons.wikimedia.org/wiki/File:Emma_Watson_ONU_2017.jpg,ONU Brasil
49,윈터,celebrity/49/profile_v1.webp,CC_BY,3.0,https://commons.wikimedia.org/wiki/File:Winter_aespa_(%EC%97%90%EC%8A%A4%ED%8C%8C)_231124_Love_Your_W.png,K-POPIT 케이팝잇
50,김봉진,celebrity/50/profile_v1.webp,UNKNOWN,,,
51,김상욱,celebrity/51/profile_v1.webp,CC_BY,,https://www.youtube.com/watch?v=lVG2WzgoqGM,카오스 사이언스
52,오명진,celebrity/52/profile_v1.webp,CC_BY,,https://www.youtube.com/watch?v=1qzxlED3Ge4,BEARS TV
53,지상렬,celebrity/53/profile_v1.webp,CC_BY,3.0,https://commons.wikimedia.org/wiki/File%3A%EC%A7%80%EC%83%81%EB%A0%AC_%EC%B6%9C%EC%97%B0_%ED%95%9C%EC%9A%B0_%EA%B3%B1%EC%B0%BD_%EC%8A%A4%ED%8E%98%EC%85%9C_%EB%8F%84%EB%B4%89%EA%B5%AC_%EB%8F%84%EB%B4%89%EB%8F%99_%EB%A7%9B%EC%A7%91_%EC%82%BC%EC%98%A4%EC%A7%91_%28%EC%8B%9D%EC%8B%A0%EB%A1%9C%EB%93%9C_Gourmet_Road%29_EP_170-2.jpg,"Official Youtube account of 식신로드 (Gourmet Road), its twitter"
54,타블로,celebrity/54/profile_v1.webp,CC_BY,4.0,https://commons.wikimedia.org/wiki/File:140904_%ED%83%80%EB%B8%94%EB%A1%9C_02_%28cropped%29.jpg,pabian
55,윤가은,celebrity/55/profile_v1.webp,CC_BY,4.0,https://commons.wikimedia.org/wiki/File%3ASeo_Su-bin_-_Yoon_Ga-eun_at_the_2025_Red_Sea_Film_Festival_20251206_%282%29.jpg,Zafer
56,문가영,celebrity/56/profile_v1.webp,CC_BY,3.0,https://commons.wikimedia.org/wiki/File:Moon_Ga-young_in_September_2024_02.png,K-POPIT 케이팝잇
57,박정민,celebrity/57/profile_v1.webp,CC_BY,3.0,"https://commons.wikimedia.org/wiki/File:20210915—Park_Jeong-min_박정민_and_Im_Yoon-ah_임윤아,_costumed_photo_shoot,_Marie_Claire_Korea_screenshot_(00m13s).jpg",Marie Claire Korea
58,김혜수,celebrity/58/profile_v1.webp,CC_BY,3.0,https://commons.wikimedia.org/wiki/File:250313_Kim_Hye_Soo_%28%EA%B9%80%ED%98%9C%EC%88%98%29.png,K-POPIT 케이팝잇
59,사라 실버먼,celebrity/59/profile_v1.webp,PUBLIC_DOMAIN,,https://commons.wikimedia.org/wiki/File%3ASarah_Silverman_DNC_July_2016.jpg,Ali Shaker/VOA
60,김태리,celebrity/60/profile_v1.webp,CC_BY,3.0,https://commons.wikimedia.org/wiki/File:Kim_Tae-ri_PRADA_BEAUTY_Photo_call_August_2024.png,K-POPIT 케이팝잇
61,이도윤,celebrity/61/profile_v1.webp,CC_BY,,https://www.youtube.com/watch?v=C7VRFtGMSdg,YS Lee
62,문지혁,celebrity/62/profile_v1.webp,UNKNOWN,,,
63,힐러리 로댐 클린턴,celebrity/63/profile_v1.webp,PUBLIC_DOMAIN,,https://commons.wikimedia.org/wiki/File:Hillary_Clinton_official_Secretary_of_State_portrait_crop.jpg,United States Department of State
64,유아,celebrity/64/profile_v1.webp,CC_BY,3.0,https://commons.wikimedia.org/wiki/File:220618_%EC%98%A4%EB%A7%88%EC%9D%B4%EA%B1%B8_%EC%9C%A0%EC%95%84.jpg,티비텐
65,안형섭,celebrity/65/profile_v1.webp,CC_BY,4.0,https://commons.wikimedia.org/wiki/File:171018_%EC%95%88%ED%98%95%EC%84%AD.jpg,clip
66,서현,celebrity/66/profile_v1.webp,CC_BY,4.0,https://commons.wikimedia.org/wiki/File:%EC%86%8C%EB%85%80%EC%8B%9C%EB%8C%80_%EC%84%9C%ED%98%84_%27Better_Me%27_%ED%86%A0%ED%81%AC%EC%87%BC_in_%EC%8B%9C%ED%8B%B0_%ED%8F%AC%EB%A0%88%EC%8A%A4%ED%8B%B0%EB%B2%8C_%285%29.jpg,sj
67,이석훈,celebrity/67/profile_v1.webp,CC_BY,,https://www.youtube.com/watch?v=dI31F_AMeUk,SBS Radio 에라오
68,채은성,celebrity/68/profile_v1.webp,CC_BY,,https://www.youtube.com/watch?v=CpOoD2yx89c,BEARS TV
69,첸,celebrity/69/profile_v1.webp,CC_BY,4.0,https://commons.wikimedia.org/wiki/File:Chen_at_busking_event_in_Seoul_on_August_31%2C_2019.png,92CHEN0921_
70,릴리,celebrity/70/profile_v1.webp,CC_BY,3.0,https://commons.wikimedia.org/wiki/File:221013_Lily_%28NMIXX%29_Airport_Departure.jpg,K-POPIT 케이팝잇
71,쩜,celebrity/71/profile_v1.webp,UNKNOWN,,,
72,앤서니 보데인,celebrity/72/profile_v1.webp,CC_BY,2.0,https://commons.wikimedia.org/wiki/File:Anthony_Bourdain_and_Charlie_Rose_2014.jpg,Peabody Awards
73,앤서니 라빈스,celebrity/73/profile_v1.webp,CC_BY_SA,2.0,https://commons.wikimedia.org/wiki/File:Tony_Robbins_gesturing.jpg,Randy Stewart
74,하석진,celebrity/74/profile_v1.webp,CC_BY,3.0,https://commons.wikimedia.org/wiki/File:20260722_%EC%82%AC%EB%9E%91%EC%9D%B4_%EC%98%A8%EB%8B%A4_%EC%A0%9C%EC%9E%91%EB%B0%9C%ED%91%9C%ED%9A%8C_%ED%95%98%EC%84%9D%EC%A7%84Ha_Seok-jin_2.png,K-POPIT 케이팝잇
75,장원영,celebrity/75/profile_v1.webp,CC_BY,3.0,https://commons.wikimedia.org/wiki/File:Jang_Won-young_IVE_Marie_Claire_Korea.jpg,Marie Claire Korea
76,김정현,celebrity/76/profile_v1.webp,CC_BY,3.0,https://commons.wikimedia.org/wiki/File:%EA%B9%80%EC%A0%95%ED%98%84_%EC%95%84%EB%82%98%EC%9A%B4%EC%84%9C.jpg,14F 일사에프
77,이브,celebrity/77/profile_v1.webp,CC_BY,3.0,https://commons.wikimedia.org/wiki/File:Yves_LOONA_220625.jpg,SBS Radio 에라오
78,김범수,celebrity/78/profile_v1.webp,CC_BY,,https://www.youtube.com/watch?v=usVT9qq3hmo,LionsTV
79,켄드릭 안나,celebrity/79/profile_v1.webp,CC_BY_SA,3.0,https://commons.wikimedia.org/wiki/File%3AAnna_Kendrick_Cannes_2016_2.jpg,Georges Biard
80,김서현,celebrity/80/profile_v1.webp,UNKNOWN,,,
81,제니퍼 로렌스,celebrity/81/profile_v1.webp,CC_BY_SA,4.0,https://commons.wikimedia.org/wiki/File:Jennifer_Lawrence_SDCC_2015_X-Men.jpg,Gage Skidmore
82,김종우,celebrity/82/profile_v1.webp,CC_BY_SA,4.0,https://commons.wikimedia.org/wiki/File%3A251018_FC_%EC%84%9C%EC%9A%B8_vs_%ED%8F%AC%ED%95%AD_%28%EA%B9%80%EC%A2%85%EC%9A%B0%29.jpg,Explicit
83,뉴진스님,celebrity/83/profile_v1.webp,CC_BY,,https://www.youtube.com/watch?v=EnxeEp5Oe-U,SBS Radio 에라오
84,윌 스미스,celebrity/84/profile_v1.webp,CC_BY_SA,3.0,https://commons.wikimedia.org/wiki/File:Will_Smith_by_Gage_Skidmore_2.jpg,Gage Skidmore
85,한소희,celebrity/85/profile_v1.webp,CC_BY,3.0,https://commons.wikimedia.org/wiki/File:Han_So-hee_%ED%95%9C%EC%86%8C%ED%9D%AC_20240516_01_%28cropped%29.jpg,티비텐
86,표창원,celebrity/86/profile_v1.webp,CC_BY,3.0,https://commons.wikimedia.org/wiki/File:Pyo_Chang-won_Pandora_161207.png,ItsNEWKorea
87,김사월,celebrity/87/profile_v1.webp,CC_BY,,https://www.youtube.com/watch?v=XDOlwHINpdo,SBS Radio 에라오
88,유즈,celebrity/88/profile_v1.webp,UNKNOWN,,,
89,가을,celebrity/89/profile_v1.webp,CC_BY,3.0,https://commons.wikimedia.org/wiki/File:IVE%27s_Gaeul_In_January_2023.jpg,TenAsia
90,양상문,celebrity/90/profile_v1.webp,CC_BY_SA,4.0,https://commons.wikimedia.org/wiki/File%3AYang_Sangmoon_2025.jpg,Seohae1999
91,황현희,celebrity/91/profile_v1.webp,UNKNOWN,,,
92,아놀드 슈워제네거,celebrity/92/profile_v1.webp,CC_BY_SA,3.0,https://commons.wikimedia.org/wiki/File:Arnold_Schwarzenegger_by_Gage_Skidmore_4.jpg,Gage Skidmore
93,황희승,celebrity/93/profile_v1.webp,UNKNOWN,,,
94,유시민,celebrity/94/profile_v1.webp,CC_BY,,https://www.youtube.com/watch?v=8Ij2sB2WNoc,MediaChangbi 미디어창비
95,멀린다 게이츠,celebrity/95/profile_v1.webp,CC_BY,2.0,"https://commons.wikimedia.org/wiki/File:Melinda_Gates,_Co-founder,_Bill_and_Melinda_Gates_Foundation_(15222588424).jpg","Chatham House, London"
96,이설,celebrity/96/profile_v1.webp,CC_BY,3.0,https://commons.wikimedia.org/wiki/File:190501_%EC%9D%B4%EC%84%A4_(1).jpg,뉴스인스타
97,러셀 브랜드,celebrity/97/profile_v1.webp,CC_BY_SA,2.0,https://commons.wikimedia.org/wiki/File:Russell_Brand_(5622481884).jpg,Eva Rinaldi
98,아이유,celebrity/98/profile_v1.webp,CC_BY,3.0,https://commons.wikimedia.org/wiki/File:250718_IU_%28%EC%95%84%EC%9D%B4%EC%9C%A0%29.png,티비텐 TV10
99,신광훈,celebrity/99/profile_v1.webp,CC_BY_SA,4.0,https://commons.wikimedia.org/wiki/File%3A251018_FC_%EC%84%9C%EC%9A%B8_vs_%ED%8F%AC%ED%95%AD_%28%EC%8B%A0%EA%B4%91%ED%9B%88%29_1.jpg,Explicit
100,영케이,celebrity/100/profile_v1.webp,CC_BY_SA,4.0,https://commons.wikimedia.org/wiki/File:2017_Young_K_Taiwan.jpg,Shuohyun
101,존 레전드,celebrity/101/profile_v1.webp,CC_BY_SA,4.0,https://commons.wikimedia.org/wiki/File:John_Legend_2019_by_Glenn_Francis.jpg,Toglenn (Glenn Francis)
102,애쉬튼 쿠처,celebrity/102/profile_v1.webp,CC_BY,2.0,https://commons.wikimedia.org/wiki/File:Ashton_Kutcher_by_David_Shankbone_2010_NYC.jpg,David Shankbone
103,임수정,celebrity/103/profile_v1.webp,CC_BY,3.0,https://commons.wikimedia.org/wiki/File:20230829_Im_Soojung_%EC%9E%84%EC%88%98%EC%A0%95_02.jpg,K-POPIT 케이팝잇
104,잭 도시,celebrity/104/profile_v1.webp,CC_BY_SA,2.0,https://commons.wikimedia.org/wiki/File:Jack_Dorsey_2014.jpg,cellanr
105,엘리자베스 워런,celebrity/105/profile_v1.webp,CC_BY_SA,2.0,https://commons.wikimedia.org/wiki/File:Elizabeth_Warren_(47992252913).jpg,Gage Skidmore
106,김재성,celebrity/106/profile_v1.webp,CC_BY,,https://www.youtube.com/watch?v=pOYosX4iOM0,LionsTV
107,김소현,celebrity/107/profile_v1.webp,CC_BY,3.0,https://commons.wikimedia.org/wiki/File:Kim_So-hyun_at_the_Gladiator_II_VIP_premiere%2C_November_2024.png,Lotte Entertainment
108,리틀타네,celebrity/108/profile_v1.webp,UNKNOWN,,,
109,오현경,celebrity/109/profile_v1.webp,CC_BY,2.0,https://commons.wikimedia.org/wiki/File%3AOh_Hyun-Kyung.jpg,KIYOUNG KIM
110,신세경,celebrity/110/profile_v1.webp,CC_BY,3.0,https://commons.wikimedia.org/wiki/File:Shin_Se-kyung_%EC%8B%A0%EC%84%B8%EA%B2%BD_in_January_2024_03.jpg,K-POPIT 케이팝잇
111,허윤진,celebrity/111/profile_v1.webp,CC_BY,3.0,https://commons.wikimedia.org/wiki/File%3A181018%E2%80%94Huh_Yun-jin_%ED%97%88%EC%9C%A4%EC%A7%84_Hera_Seoul_Fashion_week.jpg,NewsInstar
112,민디 케일링,celebrity/112/profile_v1.webp,CC_BY,2.0,https://commons.wikimedia.org/wiki/File%3AMindy_Kaling_May_2019.jpg,Montclair Film
113,손종원,celebrity/113/profile_v1.webp,CC_BY,2.0,https://commons.wikimedia.org/wiki/File%3ASon_Jong-won_and_Max_Changmin_for_LG.jpg,LG전자
114,오은영,celebrity/114/profile_v1.webp,CC_BY,,https://www.youtube.com/watch?v=CsjkJeGf_mE,SBS Radio 에라오
115,브라이언 콕스,celebrity/115/profile_v1.webp,CC_BY_SA,4.0,https://commons.wikimedia.org/wiki/File:Professor_Brian_Cox_OBE_FRS.jpg,Duncan.Hull
116,톰 행크스,celebrity/116/profile_v1.webp,CC_BY_SA,2.5,https://commons.wikimedia.org/wiki/File:Tom_Hanks_2016.jpg,Dick Thomas Johnson
117,신형철,celebrity/117/profile_v1.webp,UNKNOWN,,,
118,존 스튜어트,celebrity/118/profile_v1.webp,CC_BY,2.0,https://commons.wikimedia.org/wiki/File:Jon_Stewart_MFF_2016.jpg,Montclair Film Festival
119,마이클 블룸버그,celebrity/119/profile_v1.webp,CC0,,https://commons.wikimedia.org/wiki/File%3AMike_Bloomberg_Headshot.jpg,Bloomberg Philanthropies
120,키아누 리브스,celebrity/120/profile_v1.webp,CC_BY,2.0,https://commons.wikimedia.org/wiki/File:Reuni%C3%A3o_com_o_ator_norte-americano_Keanu_Reeves_%28cropped%29.jpg,Governo do Estado de São Paulo
